body,time,title
,2021-03-01 18:31:13,Vauxhall: Business Secretary 'hopeful' over car plant future
,2021-03-03 06:17:07,England's Big Picture: 1 - 7 March
,2021-03-01 22:17:20,Zoom sees more growth after 'unprecedented' 2020
,2021-03-02 16:39:32,Coronavirus: Case rates in Devon and Cornwall
,2021-03-03 11:38:39,Brazil's daily Covid deaths reach all-time high
,2021-03-01 21:50:38,Covid 'hate crimes' against Asian Americans on rise
,2021-03-01 21:24:01,Ethiopia's Tigray crisis: BBC reporter Girmay Gebru detained by military
,2021-03-02 21:19:54,Barnsley surgeon wins appeal over 'sexual behaviour' tribunal
,2021-03-03 06:03:26,Budget 2021: What does it mean for me in Wales?
,2021-03-01 21:15:01,Paul O'Grady appeals for help for Kent owner's stolen pug
,2021-03-03 12:08:06,Hill review: London takes aim at Amsterdam with new listing rules
,2021-03-02 14:23:54,Forest of Dean: Puppy dies after two dogs attack her
,2021-03-01 15:04:34,Peru forced sterilisations case reaches key stage
,2021-03-02 14:28:27,Yemen conflict: UK defends Yemeni aid cuts amid criticism from MPs
,2021-03-02 22:08:30,Otter spotted catching fish in Wolverhampton canal
,2021-03-02 18:11:15,Mohamud Mohammed Hassan: Investigation says no Taser used
,2021-03-02 11:57:24,Aiseirigh Shaun Rooney
,2021-03-02 16:14:32,Venison mince donated to London food charity after cull
,2021-03-02 17:42:51,Holly Roe trial: Murder-accused dad 'heart ripped out' over baby death
,2021-03-01 20:26:44,Botany Bay beach litter pickers earning cash for charity
,2021-03-03 07:17:41,Galw am wneud mwy i helpu pobl â Clefyd Motor Niwron
,2021-03-02 18:49:19,Budget 2021: Furlough set to be extended - Kwasi Kwarteng
,2021-03-03 03:44:07,Covid: Qantas launches 'mystery flights' to boost tourism
,2021-03-02 12:32:19,Bid for new Oxford to Witney railway line study to be submitted
,2021-03-02 08:52:46,Volvo Cars to go fully electric by 2030
,2021-03-01 20:27:15,Cornish seafood supplier Falfish bought by Morrisons
,2021-03-02 16:14:29,Bristol Beacon renovation costs expected to double
,2021-03-02 20:36:17,'Chwyldro' yn y brifysgol ers y pandemig
,2021-03-01 18:30:35,Drag Race UK: Sister Sister reveals 'graphic' death threats
,2021-03-02 18:13:17,Children's doctors given fabricated illness guidance
,2021-03-02 13:32:44,Affordable housing: Building plans cut by two-thirds for second programme
,2021-03-02 07:29:54,Trigolion eisiau cadw hen gapel yn adnodd i'r gymuned
,2021-03-01 18:25:30,Sudip Sarker: Surgeon who lied about skills banned from practise
,2021-03-02 18:28:20,Welsh budget 2021: £1.1bn extra confirmed in new spending plans
,2021-03-02 12:29:59,Covid: Wirral pair fined over Dubai quarantine breach
,2021-03-02 14:02:47,Covid: International students seek compensation from UK government
,2021-03-02 23:06:05,Thirteen die in southern California crash near Mexico border
,2021-03-02 11:46:07,Marwolaethau wythnosol Covid-19 yn parhau i ostwng
,2021-03-01 14:12:00,Blind veteran Simon Brown's 874-mile walking challenge
,2021-03-01 20:24:38,Eamonn McCann: Veteran campaigner resigns from council due to health
,2021-03-01 19:48:20,'A very close call': Lady Gaga's dog-walker tells of ordeal
,2021-03-02 17:50:50,Covid-19: Search for Brazil variant case narrows and furlough set to continue
,2021-03-02 10:35:41,Michael Gudinski: Australian music industry icon dies aged 68
,2021-03-01 18:17:20,Covid-19: Guernsey sets indoor gatherings limit at 20 people
,2021-03-02 22:04:42,"Eurovision Song Contest travel 'necessary', organisers say"
,2021-03-02 22:03:06,Bristol council passes slave trade reparations motion
,2021-03-02 17:29:22,Kit Hill death: Two men plead not guilty to murder
,2021-03-02 15:20:19,What's the roadmap for lifting lockdown?
,2021-03-02 17:36:21,Alcester 'queen of hearts' helps town through lockdown
,2021-03-01 13:57:15,Llangollen heritage railway operator goes into receivership
,2021-03-03 12:34:26,Covid: Skegness Natureland seal sanctuary faces 'make or break' summer
,2021-03-02 20:05:30,"Fishing firms could go bust over Brexit, MPs told"
,2021-03-01 21:11:17,New York Governor Cuomo faces fresh claims of sexual harassment
,2021-03-01 19:43:43,SNP MP Amy Callaghan returns to Commons after brain haemorrhage
,2021-03-03 11:16:13,"Germany to spy on far-right AfD party, reports say"
,2021-03-02 10:30:38,"UK house prices see 'surprise' pick-up, says Nationwide"
,2021-03-02 13:44:58,Moortown deaths: Investigation after women's bodies found
,2021-03-03 12:34:52,Therapy dog 'helps Milton Keynes police staff deal with trauma'
,2021-03-01 13:54:33,Covid-19: Walsall mum with virus meets baby for first time
,2021-03-02 11:36:04,Last of Us 2 leads Bafta Games Awards nominations
,2021-03-02 19:43:30,Covid: Appleby Horse Fair postponed 'in hope it can happen later'
,2021-03-03 11:03:08,Kingsley Ben-Adir among Bafta Rising Star nominees
,2021-03-02 07:07:17,Covid-19: Pub landlords struggling despite multiple reinventions
,2021-03-02 19:29:36,Covid-19: Business leaders react to NI plan to exit lockdown
,2021-03-01 12:58:41,Brexit: Academics warn against human rights law changes
,2021-03-02 17:11:41,St Catherine's Place shopping centre revamp rejected
,2021-03-02 17:12:31,Covid in Scotland: Appeal for 'Brazilian strain flight' passenger data
,2021-03-02 19:37:08,Disgwyl gohirio Cwpan Rygbi'r Byd 2021 am flwyddyn
,2021-03-02 17:11:58,Peter Whittingham wedi marw ar ôl syrthio mewn tafarn
,2021-03-01 19:29:46,Northern Echo building to be bought by Darlington Council
,2021-03-02 09:40:44,Ex-Bristol student unable to read at 13 now studying for PhD
,2021-03-01 13:54:29,Ambleside chef turned coronavirus lockdown drug dealer jailed
,2021-03-03 02:19:15,Japanese billionaire seeks eight people to fly to Moon
,2021-03-01 18:26:50,"Covid: Build walls higher to stop coronavirus variants, says FM"
,2021-03-01 16:10:30,Gloucestershire girl's attack a 'surreal nightmare'
,2021-03-02 06:55:41,Climate change: Private hydropower schemes 'on cliff edge'
,2021-03-02 13:33:25,Anti-Covid vaccine tweets face five-strikes ban policy
,2021-03-01 12:56:02,Liverpool councillors fail in attempt to scrap elected mayor role
,2021-03-02 13:30:30,Whitby Abbey sculpture plan withdrawn over objections
,2021-03-03 09:38:55,Cymru ar stampiau'r byd
,2021-03-01 18:09:38,Love Island South Africa producers promise more diversity after criticism
,2021-03-02 13:29:45,Covid in Scotland: More than 50% of isles' adults get first jab
,2021-03-02 00:31:13,Tourism hotspots hit hard by Covid-19 jobs crisis
,2021-03-03 09:24:49,Afghan war: Female TV workers 'shot dead by IS' in Jalalabad
,2021-03-01 17:25:32,Great Yarmouth: Jamie Smith denies spitting at Norfolk Police officers
,2021-03-02 00:12:45,Fortnite: From piano player to pro gamer - aged just eight
,2021-03-03 11:50:40,Ethiopia's Tigray crisis: BBC reporter Girmay Gebru freed by military
,2021-03-01 12:58:00,Covid: Cars from Leeds and Manchester barred from Formby beach
,2021-03-01 18:08:22,El Salvador governing party set for big parliament win
,2021-03-03 10:01:32,Discovery of woman's body in Aberdeen probed by police
,2021-03-02 00:07:28,Syria war: 'This is the price we had to pay for freedom'
,2021-03-02 00:09:04,UK cruise ships scrapped in India's 'ship graveyard'
,2021-03-02 00:09:29,Documenting emperor penguins in Antarctica
,2021-03-01 14:18:39,Budget 2021: PM has 'no doubt' about strong jobs recovery
,2021-03-01 16:41:26,"Nasir Patrice: Youth 'used sword' to kill at drug flat, jury told"
,2021-03-03 12:31:12,Brexit: UK hints at Irish Sea border grace periods extension
,2021-03-02 19:19:18,HIV findings in DR Congo 'give hope for cure'
,2021-03-02 11:12:17,Funerals: Cold-calling ban among plans for pre-paid services
,2021-03-03 01:40:15,Rio Tinto chief to step down over cave destruction
,2021-03-02 11:17:00,Car submerged by sea after rolling on to beach in Hampshire
,2021-03-02 00:01:22,Budget 2021: The most important Budget for business in a generation
,2021-03-01 19:22:14,Donald Trump's life story: From hotel developer to president
,2021-03-01 12:44:22,Smoking banned at hospitals and playgrounds in Wales
,2021-03-02 16:35:52,Cyllideb Llywodraeth Cymru: £1bn o wariant ychwanegol
,2021-03-03 09:56:51,Budget 2021: What is it and when will it happen?
,2021-03-01 18:38:31,Anglesey crash: Biker was 'happy-go-lucky' grandfather
,2021-03-01 21:10:07,Brazilian variant: Hancock denies quarantine delays put lives at risk
,2021-03-02 18:58:54,Hampshire police officer 'pretended to have cancer'
,2021-03-02 13:21:34,"Capt Sir Tom Moore funeral a 'fitting send-off', says daughter"
,2021-03-02 13:18:06,"Covid-19: Regular tests a 'game-changer' for schools, says science adviser"
,2021-03-01 16:28:03,Covid: Manx ferry operator to face no criminal action over outbreak
,2021-03-02 05:19:58,Newspaper headlines: Digital travel passes and 'prayers for Philip'
,2021-03-03 12:37:49,Dorset tourist services in doubt amid funding cuts
,2021-03-01 14:46:45,Cardiff Co-op cash machine blast: Man arrested
,2021-03-01 19:27:23,Swinney agrees to publish Salmond case legal advice
,2021-03-02 18:56:01,Freeports: What are they and will they make the UK money?
,2021-03-03 12:55:30,Twenty arrests in drug-trafficking raids across England
,2021-03-02 08:41:32,Are Britain's bosses up to the job?
,2021-03-02 06:25:33,Covid-19: Stormont budget ‘very challenging’ economists warn
,2021-03-02 19:06:31,Husband 'drowned' wealthy wife on holiday in Denmark
,2021-03-02 17:09:33,Royal Family tree and line of succession
,2021-03-03 12:16:00,Covid: P&O extends halt to international holiday voyages
,2021-03-01 13:42:42,Golden Globe Awards 2021: Nomadland and Borat win top awards
,2021-03-01 15:39:40,Brexit: DUP says it will fight against protocol with every means
,2021-03-03 13:32:49,Covid: Biden promises vaccines for all US adults by end of May
,2021-03-02 18:14:30,"Bunny Wailer: Reggae legend who found fame with Bob Marley dies, aged 73"
,2021-03-02 14:58:27,Met Police officers seize machine pistols in Chiswick
,2021-03-01 17:23:27,Wales' tallest building could replace Cardiff venue Porters
,2021-03-02 18:50:06,Covid: Fewer outbreak-linked patients at Ysbyty Gwynedd
,2021-03-03 00:46:04,"To make it in music, be prepared for the pitfalls"
,2021-03-02 16:29:28,Holyland: Police bring forward 'St Patrick's Day' plans
,2021-03-02 08:39:38,Y DU ac Iwerddon i wneud cais i gynnal Cwpan y Byd
,2021-03-01 15:31:36,Norfolk man 'smashes' exoskeleton walking challenge for NHS
,2021-03-01 13:21:55,M32 maples protester awakens as tree felled with her in it
,2021-03-01 15:57:06,"Heathrow Airport seven-hour queues 'inhumane', say passengers"
,2021-03-03 00:35:38,Covid vaccine being tested in patients with low immunity
,2021-03-03 00:51:45,Contraception: Should the pill be sold over the counter?
,2021-03-02 18:41:33,Kinmel Hall: Action needed to save site say campaigners
,2021-03-01 13:46:44,Covid: Family camping on cliff edge fined for lockdown breach
,2021-03-02 06:26:46,Covid-19: Quarantine hotels 'unsafe' for returning pupils
,2021-03-03 07:59:29,Southampton set for public hire e-scooter trial scheme
,2021-03-01 23:02:11,Taylor Swift criticises Netflix show for 'deeply' sexist joke
,2021-03-02 06:07:55,"Ipswich Town player Lewis Reed, from Swansea, 'endured living hell'"
,2021-03-02 09:38:00,Coronavirus: The misleading claims about an Indian remedy
,2021-03-01 17:21:09,Covid: Download Festival cancelled for second year
,2021-03-03 00:23:13,The couples accused of destroying Japan's families
,2021-03-03 00:24:31,Why many in Russia are reluctant to have Sputnik vaccine
,2021-03-03 13:21:29,Budget 2021: Rishi Sunak vows to 'protect jobs and livelihoods'
,2021-03-03 12:22:03,Covid in Wales: How many deaths have there been?
,2021-03-03 00:17:09,Mars: Nasa's Perseverance rover sends stunning images
,2021-03-01 19:05:49,Man faces trial over Napier barracks assault
,2021-03-02 17:45:00,Yemen conflict: UK cuts aid citing financial pressure from Covid
,2021-03-02 16:58:29,Covid-19: Care home resident died after missing Covid-19 jab
,2021-03-02 10:49:25,Andrew Cuomo: Fresh calls for New York governor to resign over harassment claims
,2021-03-01 16:29:09,Couple aged 85 and 91 marry in Wiltshire care home
,2021-03-01 18:24:55,Covid: Scenes in Matlock Bath 'like a bank holiday'
,2021-03-02 10:48:24,"Coronavirus: SSE arena 'could administer 40,000 vaccines a week'"
,2021-03-03 12:02:09,Ali Boumendjel: France admits 'torture and murder' of Algerian nationalist
,2021-03-03 00:14:04,DR Congo's Virunga National Park: The deadly job of protecting gorillas
,2021-03-02 18:39:29,Tyre tycoon Michael Welch strikes deal for major US venture
,2021-03-01 22:48:39,Has support for the SNP and independence slipped?
,2021-03-01 22:48:55,'Fake accounts used my pictures to sell sex'
,2021-03-02 13:20:06,Missing Wirral cat rescued from half-way down chimney
,2021-03-03 00:07:36,How can we make washing machines last?
,2021-03-02 18:02:12,Budget: Rishi Sunak set to spend but hopes to return to caution soon
,2021-03-01 17:54:48,Biden urged to back AI weapons to counter China and Russia threats
,2021-03-01 15:29:46,It's a Sin: David Furnish praises man for revealing HIV status after being inspired by show
,2021-03-02 09:38:50,Covid in Scotland: Tighter rules will be used to decide on levels
,2021-03-01 14:35:02,Royston Tesco car park: 'No airwave interference' found by Ofcom
,2021-03-02 12:23:22,Ymestyn cyfnod ymgynghori ar gau ysgol gynradd
,2021-03-03 11:48:02,Neach-coiseachd sàbhailte às dèidh iomairt teasairginn
,2021-03-03 00:01:43,Some UK arrivals waiting nine days for quarantine Covid tests
,2021-03-02 13:12:23,Covid fines for women getting hair dyed in beach car park
,2021-03-02 10:21:28,Apology as surgery delays left dementia patient housebound
,2021-03-01 19:34:39,Covid-19: Vaccines extended to people aged 60 to 64
,2021-03-02 06:08:49,Budget 2021: Treasury to announce £93m for 'Welsh green recovery'
,2021-03-02 10:01:34,HC-One a' reic dhachannan-cùraim
,2021-03-02 16:19:50,Unions fear huge job losses as 'saviour of steel' hits crisis
,2021-03-03 08:14:11,Scotland's papers: Sturgeon 'on the brink' and furlough extended
,2021-03-02 12:17:51,Renewable Heat Incentive (RHI): £316k of RHI money to be recouped by Stormont
,2021-03-03 07:52:56,Motor neurone disease: People 'trapped in inaccessible homes'
,2021-03-02 06:13:14,Greta Thunberg: Rewilding plan for College Green rally site
,2021-03-02 06:10:50,Medical experts call for 'safe' drug consumption rooms
,2021-03-03 00:01:51,Love Island's Molly-Mae Hague broke rules with Instagram giveaway
,2021-03-03 06:44:39,Shortage of critical care anaesthetists at hospital highlighted
,2021-03-02 15:54:03,Covid: France approves AstraZeneca vaccine for over-65s
,2021-03-01 13:05:56,Covid: Teachers' risk 'similar' to other under-65s
,2021-03-03 14:08:42,Covid-19: Michelle O'Neill defends lack of dates in lockdown exit plan
,2021-03-02 15:37:59,Covid: Whiston and St Helens hospitals honoured for work during pandemic
,2021-03-02 09:59:42,Sir Keir Starmer's critics in Labour become increasingly vocal
,2021-03-01 18:27:04,Carlisle van crash: Man killed and woman seriously injured
,2021-03-02 06:13:26,Novichok: Chemical attack fear after Salisbury poisonings
,2021-03-01 13:10:26,Leigh-on-Sea murder probe: Teenager named as Luke Bellfield
,2021-03-01 20:37:02,Covid vaccines cut risk of serious illness by 80% in over-80s
,2021-03-03 07:01:50,Council withdraws Hercules Mulligan plaque proposal over slavery link
,2021-03-02 14:23:55,Taylor Wimpey sets aside £125m for cladding and fire safety repairs
,2021-03-01 14:33:11,The National: New online news service launches in Wales
,2021-03-03 05:06:25,Newspaper headlines: Furlough extension and 'last chance for pubs'
,2021-03-03 10:08:15,Coronavirus: Case rates in Oxfordshire
,2021-03-01 16:24:40,East Yorkshire care home walk inspired by Captain Sir Tom Moore
,2021-03-01 22:30:09,£93m gan Sunak i hybu'r economi werdd yng Nghymru
,2021-03-01 16:27:17,Sahayb Abu: Terror plot accused made pro-IS comments for a 'thrill'
,2021-03-02 22:00:46,Budget 2021: What we know so far about Sunak's spending plans
,2021-03-01 22:20:16,'Undiscovered Titian painting' found in Ledbury church
,2021-03-01 17:15:08,Myanmar coup: Aung San Suu Kyi appears in court to face fresh charges
,2021-03-01 16:23:38,Troubles pension delayed for medical test guidance
,2021-03-02 13:52:33,Covid Brazil variant 'may spread more easily'
,2021-03-03 11:45:05,Budget 2021: Rishi Sunak to extend furlough scheme until September
,2021-03-02 14:02:47,Coventry City of Culture unveils 'flexible' festival programme
,2021-03-02 17:06:33,Bristol Fishponds stabbing: Girl and boy appear in court
,2021-03-02 08:16:21,Liverpool murder arrest over woman's 'unexplained' death
,2021-03-01 21:29:51,Prince Philip transferred to second hospital for heart condition tests
,2021-03-01 16:24:24,North Devon car park price hikes plan put on hold
,2021-03-01 16:23:15,Siom i gwpl oedd eisiau priodas gyfan gwbl Gernyweg
,2021-03-01 18:45:17,Operation Venetic: Vehicles seized by PSNI in Newry
,2021-03-02 08:07:05,Ant Middleton axed by C4 over 'personal conduct'
,2021-03-02 09:00:53,Peak District's last mountain hares 'need legal protection'
,2021-03-03 07:25:28,Còmhraidhean Riaghaltais le HC-One
,2021-03-02 10:27:36,Cornwall Council wrongly financially assessed care home resident
,2021-03-01 17:35:17,"Budget 2021: Chancellor should 'back off' tax rises, says Dodds"
,2021-03-01 22:17:18,CPAC 2021: Who won the Republican civil war?
,2021-03-02 20:03:16,Child mental health waiting times 'deeply disturbing'
,2021-03-02 08:58:16,Axminster teenager joins town council
,2021-03-01 17:34:03,Love Island: South Africa's reality show is 'too white'
,2021-03-01 15:57:35,Teyrnged i ddyn fu farw mewn gwrthdrawiad ger Gorseinon
,2021-03-01 18:42:58,Covid-19: Jersey choirs and brass bands play outdoors again
,2021-03-02 22:17:19,Glow-in-the-dark sharks found off New Zealand coast
,2021-03-01 22:00:50,Covid lockdown: Norfolk Police fine 160 people on sunny weekend
,2021-03-02 17:10:26,Smart motorway death widow in Sheffield police HQ protest
,2021-03-02 12:41:51,Lake District Calvert Trust saved by 'bounce back' appeal
,2021-03-02 15:41:26,"What are the Brazil, South Africa and UK variants and will vaccines work?"
,2021-03-01 18:48:23,Coronavirus: How much will it cost the UK and how will we pay?
,2021-03-01 15:56:59,Which festivals will go ahead in 2021?
,2021-03-01 18:37:23,Bristol strip club ban considered by council
,2021-03-01 17:34:11,"St Mary's, Brollagh: High school to close after integration rejected"
,2021-03-03 06:34:19,Harrogate cycle lane: Plan approved for Stray
,2021-03-01 15:54:13,Covid-19: West Midlands sees 100k job losses over pandemic
,2021-03-01 17:08:32,London's skylark population 'under threat due to Covid'
,2021-03-02 14:33:32,Contraception app Natural Cycles swipes at new rival from Clue
,2021-03-01 12:56:23,Findhorn Bay rescue operation after kayakers capsize
,2021-03-03 06:12:59,Schools consider 'radical change' to transfer tests
,2021-03-01 18:33:27,"Syria war: Tens of thousands of detainees still missing, UN says"
,2021-03-02 02:53:10,"Covid-19 variants pose 'real threat' to vaccine progress, CDC warns"
